Workbook

Sheet Summary
A1: NovaOS 2.0 - 6-Month Enterprise Build Plan (Pure Rust)
A2: Desktop: Combining Windows 11 Fluent/Snap + macOS Menu Bar/Spotlight + Ubuntu Wayland/Terminal | Server: Ubuntu Server 24.04 Parity (cgroups, SSH, WireGuard). 100% Rust architecture.
A4: Track Name | B4: Done | C4: Planned | D4: Total Tasks | E4: % Complete
A5: Kernel & Architecture Track (x86_64 Long Mode, NVMe, VFS, Async I/O) | B5: =COUNTIF('Kernel Track'!F2:F17,"Done") -> 0 | C5: =COUNTIF('Kernel Track'!F2:F17,"Planned")+COUNTIF('Kernel Track'!F2:F17,"In Progress") -> 16 | D5: =COUNTA('Kernel Track'!B2:B17) -> 16 | E5: =IFERROR(B5/D5,0) -> 0
A6: Desktop & UI Track (Wayland Compositor, Fluent/macOS Shell, Core Apps) | B6: =COUNTIF('Desktop UI Track'!F2:F17,"Done") -> 0 | C6: =COUNTIF('Desktop UI Track'!F2:F17,"Planned")+COUNTIF('Desktop UI Track'!F2:F17,"In Progress") -> 16 | D6: =COUNTA('Desktop UI Track'!B2:B17) -> 16 | E6: =IFERROR(B6/D6,0) -> 0
A7: Server Track (Headless Kernel, cgroups v2, Containers, SSH-2, novad) | B7: =COUNTIF('Server Track'!F2:F13,"Done") -> 0 | C7: =COUNTIF('Server Track'!F2:F13,"Planned")+COUNTIF('Server Track'!F2:F13,"In Progress") -> 12 | D7: =COUNTA('Server Track'!B2:B13) -> 12 | E7: =IFERROR(B7/D7,0) -> 0
A8: Release & Enterprise Track (Dual ISOs, CI Matrix, Security Audit, SDK) | B8: =COUNTIF('Release Track'!F2:F11,"Done") -> 0 | C8: =COUNTIF('Release Track'!F2:F11,"Planned")+COUNTIF('Release Track'!F2:F11,"In Progress") -> 10 | D8: =COUNTA('Release Track'!B2:B11) -> 10 | E8: =IFERROR(B8/D8,0) -> 0
A9: Overall NovaOS 2.0 Project Status | B9: =B5+B6+B7+B8 -> 0 | C9: =C5+C6+C7+C8 -> 54 | D9: =D5+D6+D7+D8 -> 54 | E9: =IFERROR(B9/D9,0) -> 0
A11: 6-Month Development Milestones & Sprint Progress
A12: Month & Strategic Milestone Focus | B12: Done | C12: Planned | D12: Total Tasks | E12: % Complete
A13: Month 1 - 64-Bit Transformation & Modern Hardware Foundation (Long Mode, UEFI, NVMe, xHCI) | B13: =COUNTIFS('Kernel Track'!A2:A17,"*Month 1*",'Kernel Track'!F2:F17,"Done") -> 0 | C13: =D13-B13 -> 0 | D13: =COUNTIF('Kernel Track'!A2:A17,"*Month 1*") -> 0 | E13: =IFERROR(B13/D13,0) -> 0
A14: Month 2 - Storage Engine, Concurrent VFS, NovaFS & Async I/O Ring | B14: =COUNTIFS('Kernel Track'!A2:A17,"*Month 2*",'Kernel Track'!F2:F17,"Done") -> 0 | C14: =D14-B14 -> 0 | D14: =COUNTIF('Kernel Track'!A2:A17,"*Month 2*") -> 0 | E14: =IFERROR(B14/D14,0) -> 0
A15: Month 3 - Enterprise Server Core, Container Engine (cgroups/namespaces) & Native SSH-2 | B15: =COUNTIFS('Server Track'!A2:A13,"*Month 3*",'Server Track'!F2:F13,"Done") -> 0 | C15: =D15-B15 -> 0 | D15: =COUNTIF('Server Track'!A2:A13,"*Month 3*") -> 0 | E15: =IFERROR(B15/D15,0) -> 0
A16: Month 4 - DRM/KMS Hardware Graphics, VirtIO-GPU 3D & Wayland Compositor Engine | B16: =COUNTIFS('Kernel Track'!A2:A17,"*Month 4*",'Kernel Track'!F2:F17,"Done")+COUNTIFS('Desktop UI Track'!A2:A17,"*Month 4*",'Desktop UI Track'!F2:F17,"Done") -> 0 | C16: =D16-B16 -> 0 | D16: =COUNTIF('Kernel Track'!A2:A17,"*Month 4*")+COUNTIF('Desktop UI Track'!A2:A17,"*Month 4*") -> 0 | E16: =IFERROR(B16/D16,0) -> 0
A17: Month 5 - Synthesized Desktop Shell (Menu Bar + Centered Dock + Snap) & Core App Suite | B17: =COUNTIFS('Desktop UI Track'!A2:A17,"*Month 5*",'Desktop UI Track'!F2:F17,"Done")+COUNTIFS('Kernel Track'!A2:A17,"*Month 5*",'Kernel Track'!F2:F17,"Done")+COUNTIFS('Server Track'!A2:A13,"*Month 5*",'Server Track'!F2:F13,"Done") -> 0 | C17: =D17-B17 -> 0 | D17: =COUNTIF('Desktop UI Track'!A2:A17,"*Month 5*")+COUNTIF('Kernel Track'!A2:A17,"*Month 5*")+COUNTIF('Server Track'!A2:A13,"*Month 5*") -> 0 | E17: =IFERROR(B17/D17,0) -> 0
A18: Month 6 - Production Hardening, Dual ISOs (Desktop & Server), CI Matrix & GA Launch | B18: =COUNTIFS('Release Track'!A2:A11,"*Month 6*",'Release Track'!F2:F11,"Done") -> 0 | C18: =D18-B18 -> 0 | D18: =COUNTIF('Release Track'!A2:A11,"*Month 6*") -> 0 | E18: =IFERROR(B18/D18,0) -> 0
A20: Language & Architecture Distribution (100% Pure Rust for all new systems)
A21: Target Subsystem Domain | B21: Language | C21: Runtime Mode | D21: Tasks Count | E21: Architectural Isolation
A22: Kernel Core, Paging, Drivers, Filesystem, Scheduler, Network Stack | B22: Rust | C22: #![no_std] (Ring 0) | D22: =COUNTA('Kernel Track'!B2:B17) -> 16 | E22: Strict Memory Safety, Zero-Cost Abstractions, No Garbage Collection
A23: Desktop Display Server, Compositor, Shell, GUI Toolkit, Native Apps | B23: Rust | C23: Ring 3 (nova-std / nova-ui) | D23: =COUNTA('Desktop UI Track'!B2:B17) -> 16 | E23: Wayland-Style Client Buffers, Zero-Copy DMA-BUF, Hardware 60 FPS
A24: Server Daemons, Container Runtime (novactl), SSH-2 Server, novad | B24: Rust | C24: Ring 3 (nova-std / async) | D24: =COUNTA('Server Track'!B2:B13) -> 12 | E24: Non-blocking Async I/O (nova_uring), cgroups v2, Multi-core Scale
A25: Enterprise Packaging, Test Matrix, CI Pipeline, SDK Tooling | B25: Rust, Python, Shell | C25: Host & Target CI | D25: =COUNTA('Release Track'!B2:B11) -> 10 | E25: Automated QEMU Matrix, Cryptographic Sign-Off, Dual Bootable ISOs
A27: Enterprise OS Feature Parity & Gap Comparison Matrix
A28: Feature / Architectural Dimension | B28: Windows 11 (23H2/24H2) | C28: macOS (Sonoma/Sequoia) | D28: Ubuntu Desktop 24.04 LTS | E28: Ubuntu Server 24.04 LTS | F28: NovaOS v1.0 (Current Status) | G28: NovaOS 2.0 (Target 6-Month Plan)
A29: CPU Execution Architecture | B29: x86_64, ARM64 (Dropped 32-bit) | C29: ARM64 Apple Silicon (Dropped x86) | D29: x86_64, AArch64 (Dropped 32-bit) | E29: x86_64, AArch64 (Dropped 32-bit) | F29: 32-bit x86 (i686 Protected Mode) | G29: Pure 64-bit x86_64 Long Mode (4-Level Paging) in Rust
A30: Firmware & Boot Standard | B30: UEFI 2.8+ / Secure Boot / GPT | C30: Apple Silicon BootROM / APFS / GPT | D30: UEFI / GRUB2 / GPT / Secure Boot | E30: UEFI / Cloud-Init / GPT | F30: Legacy BIOS / MBR / Multiboot 1 | G30: Native Pure Rust UEFI 2.9 Bootloader with GPT & Secure Boot
A31: Preemptive SMP Scheduling | B31: NT Priority Quantum with Dynamic Boost | C31: Mach Thread Scheduler with QoS Classes | D31: Completely Fair Scheduler (CFS/EEVDF) | E31: CFS with NUMA & Huge Pages Tuning | F31: Basic Local APIC 2-4 Cores (Coarse locks) | G31: Tickless Preemptive Rust SMP Scheduler with Priority Classes
A32: High-Speed Storage Drivers | B32: NVMe 2.0 StorNVMe / AHCI | C32: Apple Fabric NVMe / PCIe | D32: NVMe 2.0 / blk-mq / AHCI | E32: NVMe 2.0 / Multipath / RAID | F32: Legacy IDE/ATA PIO & Basic VirtIO-blk | G32: Pure Rust NVMe 2.0 PCIe Driver (ASQ/ACQ, MSI-X) & AHCI
A33: USB & Modern Input | B33: xHCI (USB 3.2/4.0) & USB HID | C33: xHCI / Thunderbolt 4 & USB HID | D33: xHCI / USB HID / evdev | E33: xHCI USB Mass Storage | F33: Legacy UHCI (USB 1.1) & PS/2 keyboard/mouse | G33: Pure Rust xHCI USB 3.2 Stack with Hot-Plug & USB HID
A34: Virtual Memory & Paging | B34: Demand Paging, Working Set, Pagefile | C34: Demand Paging, Compressed RAM (zram) | D34: Demand Paging, CoW, swap/zram, Page Cache | E34: HugeTLB, Page Cache, NUMA Allocator | F34: Eager Paging, Basic CoW, No Demand Paging | G34: True Demand Paging (#PF), Page Cache, LZ4 In-RAM Compressed Swap
A35: Asynchronous I/O Engine | B35: I/O Completion Ports (IOCP) | C35: kqueue / dispatch_io | D35: io_uring / epoll | E35: io_uring (High-throughput zero-copy) | F35: Synchronous blocking read/write syscalls | G35: Asynchronous Ring-Buffer I/O Engine (nova_uring / epoll in Rust)
A36: Enterprise Filesystem | B36: NTFS / ReFS (Journaling, BitLocker) | C36: APFS (CoW, Snapshots, Encryption) | D36: Ext4 / Btrfs (Snapshots, Subvolumes) | E36: ZFS / Ext4 (RAID-Z, Checksums) | F36: FAT32 with journal, basic ext2 | G36: NovaFS (Pure Rust CoW Filesystem with B-Trees & Instant Snapshots)
A37: Container Isolation | B37: Windows Containers / Hyper-V Silos | C37: Sandbox / Containerization Framework | D37: Namespaces (PID, Net, Mnt), cgroups v2 | E37: cgroups v2, Namespaces, Docker/OCI Engine | F37: None (Single monolithic process tree) | G37: Full Kernel Namespaces & cgroups v2 with Pure Rust novactl Runtime
A38: Enterprise VPN & Security | B38: IPsec / DirectAccess / Windows Firewall | C38: IPsec / WireGuard / pf firewall | D38: nftables / WireGuard / AppArmor | E38: nftables / WireGuard / OpenSSH / SELinux | F38: Basic port drop firewall (no conntrack) | G38: In-Kernel WireGuard VPN Engine, Stateful Conntrack & novasshd
A39: Display Server & Compositor | B39: Desktop Window Manager (DWM) | C39: Quartz Compositor / CoreAnimation | D39: Wayland (Mutter / Sway / Weston) | E39: Headless (No X11/Wayland) | F39: Software VGA Framebuffer & simple WM | G39: Wayland-Style Hardware Accelerated Compositor (nova-compositor)
... A44: Application Distribution | B44: MSIX / Win32 / Microsoft Store | C44: .app Bundles / DMG / App Store | D44: Flatpak / Snap / Deb / Software Center | E44: APT / DEB / Cloud-Init packages | F44: Single raw ELF binaries copied to FAT32 | G44: Self-Contained .app Bundles & Cryptographically Signed App Store

Sheet Kernel Track
A1: Month | B1: Task | C1: Description (purpose & function) | D1: How to integrate into NovaOS | E1: Language | F1: Status | G1: Notes & Verification Criteria
A2: Month 1 - Foundation | B2: Pure Rust x86_64 Long Mode & PML4 4-Level Paging Engine | C2: Transition the CPU execution model from 32-bit protected mode (i686) to pure 64-bit Long Mode (x86_64). Implement 4-level paging (PML4 -> PDPT -> PD -> PT) in Rust #![no_std], enabling a 48-bit (256 TB) virtual address space, canonical address filtering, NX (No-Execute) hardware protection on heap/stack pages, and RIP-relative addressing. | D2: Replace kernel/arch/x86/mm/paging.c with kernel/src/arch/x86_64/paging.rs. Initialize PML4 root table in Rust; identity map the first 4GB with 2MB huge pages; map higher-half kernel base at 0xFFFF_8000_0000_0000; activate Long Mode via EFER MSR and CR0/CR4 registers. | E2: Rust | F2: Planned | G2: Zero-unsafe page-table walker; supports 2MB and 1GB huge pages; validates Page Fault Error Code (PFEC) bits (P, W/R, U/S, RSVD, I/D).
A3: Month 1 - Foundation | B3: Pure Rust UEFI Bootloader & GPT Partition Discovery | C3: Replace legacy BIOS / Multiboot 1 with a modern UEFI 2.9 bootloader written in Rust (using uefi-rs). Supports GUID Partition Tables (GPT), Secure Boot PE/COFF cryptographic signature checking, queries UEFI GOP for native display resolution, reads the physical memory map, and jumps directly to 64-bit kernel entry. | D3: boot/uefi-loader/src/main.rs producing BOOTX64.EFI. Reads EFI System Partition (ESP), parses GPT partition entries (type GUID 0FC63DAF-8483-4772-8E79-3D69D8477DE4 for root), loads 64-bit ELF kernel image, exits boot services, and transfers BootInfo struct. | E3: Rust | F3: Planned | G3: Eliminates GRUB dependency; boots on modern physical laptops, desktops, and cloud hypervisors; initializes GOP linear framebuffer at native 1080p/4K resolution.
A4: Month 1 - Foundation | B4: Fast Syscall/Sysret MSR Dispatcher & 64-Bit ABI | C4: Upgrade system call dispatching from legacy 32-bit software interrupts (int 0x80) to fast hardware 64-bit syscall/sysret instructions via CPU Model Specific Registers (MSR IA32_LSTAR, IA32_STAR, IA32_FMASK). | D4: kernel/src/arch/x86_64/syscall.rs and userland/libs/nova-abi/src/syscall.rs. Configures IA32_LSTAR with 64-bit kernel entry point, swaps user/kernel stack pointer via swapgs/IA32_KERNEL_GS_BASE, preserves callee-saved registers (R12-R15, RBX, RBP), and dispatches via strongly-typed Rust enum. | E4: Rust | F4: Planned | G4: Drops syscall latency from ~450 cycles (int 0x80) to ~70 cycles (syscall/sysret); enforces 64-bit userland boundary checking.
A5: Month 1 - Foundation | B5: Demand Paging & Copy-on-Write (CoW) Virtual Memory Engine | C5: Implement true demand paging driven by page fault (#PF exception 14) handling. Memory is not eagerly allocated; pages are faulted in on first access. Forked processes share physical pages marked read-only until written, duplicating only modified pages (CoW). | D5: kernel/src/mm/vmm.rs and kernel/src/mm/fault.rs. Manages per-process Virtual Memory Area (VMA) tree using BTreeMap<VirtualAddress, VmaRegion>; handles anonymous memory, file-backed mappings, guard pages, and CoW page duplication via physical page refcounting. | E5: Rust | F5: Planned | G5: Reduces memory footprint by up to 75%; accelerates process spawning; enforces ASLR randomized virtual addresses.
A6: Month 1 - Foundation | B6: Preemptive Tickless SMP Scheduler with Priority Classes | C6: Upgrade the basic multi-core scheduler to a tickless preemptive SMP scheduler in Rust. Supports priority classes (Realtime, Interactive, Normal, Batch, Idle) modeled after Windows NT dynamic boost and Linux CFS, with per-CPU runqueues, lockless work-stealing, and APIC one-shot timers. | D6: kernel/src/sched/scheduler.rs, runqueue.rs, and thread.rs. Features per-CPU Thread Control Blocks (TCB), SSE/AVX extended state preservation (xsave/xrstor), ticket spinlocks, adaptive sleep queues, and tickless timer interrupts via Local APIC timer. | E6: Rust | F6: Planned | G6: Verified across 2 to 32 virtual/physical cores; zero timer interrupt overhead on idle cores; dynamic thread priority boosting for responsive UI interactions.
A7: Month 1 - Foundation | B7: Pure Rust NVMe 2.0 PCIe Storage Controller Driver | C7: Implement a native NVMe 2.0 driver in Rust to unlock multi-gigabyte/sec solid-state storage over PCIe. Manages Admin Submission/Completion Queues (ASQ/ACQ) and multiple I/O Queues (IOSQ/IOCQ), utilizing MSI-X interrupt routing and physical PRPs/SGLs for zero-copy DMA transfers. | D7: kernel/src/drivers/storage/nvme.rs. Enumerate PCI class 0x010802; map MMIO controller registers; allocate circular ring buffers in DMA memory; register BlockDevice trait instance with VFS. | E7: Rust | F7: Planned | G7: Reaches 2.5+ GB/s throughput in hypervisors/bare metal; provides asynchronous block read/write operations with completion polling or MSI-X interrupts.
A8: Month 1 - Foundation | B8: Pure Rust xHCI USB 3.2 Host Controller & HID Stack | C8: Implement a complete xHCI (Extensible Host Controller Interface) driver in Rust supporting USB 1.1, 2.0, and 3.2 devices. Includes Transfer Request Block (TRB) ring management, device context slot assignment, and USB HID drivers for keyboards, optical mice, and multi-touch digitizers. | D8: kernel/src/drivers/usb/xhci.rs and drivers/usb/hid.rs. Discovers xHCI PCI device; configures DCBAA and command rings; enumerates root hub ports; parses USB HID descriptor reports and injects input events into the kernel input queue. | E8: Rust | F8: Planned | G8: Complete replacement for legacy PS/2; hot-plug detection for USB mice, keyboards, game controllers, and flash drives.
A9: Month 2 - Storage & Async I/O | B9: Concurrent VFS with Lockless Dentry Cache & Async Inotify | C9: Overhaul the single-lock Virtual File System into a highly concurrent VFS in Rust. Implements a lockless directory entry cache (dcache) using concurrent hash maps, hierarchical path resolution, inode refcounting, symbolic and hard link resolution, POSIX DAC permissions, and an asynchronous file-change notification engine (sys_inotify). | D9: kernel/src/fs/vfs/mod.rs, dcache.rs, and inotify.rs. Exposes FileSystem, Inode, and FileHandle traits; maintains global mount table (/dev, /proc, /sys, /mnt); supports inotify watch descriptors for instant file manager folder updates. | E9: Rust | F9: Planned | G9: Eliminates lock contention across threads; path lookup performance improves 10x; real-time file change notifications for GUI and server daemons.
A10: Month 2 - Storage & Async I/O | B10: Pure Rust Enterprise Filesystem (NovaFS) with Snapshots & Journaling | C10: Build a modern transactional copy-on-write filesystem in pure Rust (NovaFS). Combines the best elements of ZFS and Btrfs: B-tree on-disk indexing, 64-bit extents, write-ahead journaling for crash consistency, atomic snapshot creation, subvolumes, and SHA-256 data block integrity validation. | D10: kernel/src/fs/novafs/btree.rs, super.rs, and snapshot.rs. Formats partition with NovaFS superblock; writes transactional trees; supports instant zero-cost read-only snapshots and writable subvolumes for OS updates and container root filesystems. | E10: Rust | F10: Planned | G10: Prevents data corruption during power loss; sub-second snapshot creation; SHA-256 block checksumming automatically detects bit-rot.
A11: Month 2 - Storage & Async I/O | B11: Asynchronous I/O Ring Engine (nova_uring) | C11: Implement an asynchronous ring-buffer I/O subsystem in the kernel inspired by Linux io_uring and Windows IOCP. Allows userland applications to submit batches of I/O requests (read, write, recv, send, fsync) into a submission ring buffer in shared memory and harvest completions from a completion ring buffer with zero syscall overhead. | D11: kernel/src/io/uring.rs and userland/libs/nova-io/src/lib.rs. Allocates mapped shared-memory submission queue (SQ) and completion queue (CQ); kernel worker threads process queued I/O requests without userland context switches. | E11: Rust | F11: Planned | G11: Scales to 100,000+ operations/sec; powers both the high-concurrency server network reactor and desktop compositor buffer streaming.
A12: Month 2 - Storage & Async I/O | B12: Kernel Memory Page Cache & Anonymous Swap Subsystem | C12: Implement a unified Page Cache in Rust that caches disk blocks in unallocated RAM and flushes dirty pages asynchronously to disk. Backed by an anonymous swap subsystem with zswap-style in-RAM compression (using LZ4 in Rust) before evicting pages to the swap partition. | D12: kernel/src/mm/pagecache.rs and swap.rs. Hooks into VFS read/write path; maintains active/inactive LRU lists; compresses anonymous memory pages with LZ4; writes compressed blocks to swap disk when memory pressure exceeds 85%. | E12: Rust | F12: Planned | G12: Dramatic reduction in disk I/O; smooth multi-tasking under memory-intensive workloads; prevents OOM kernel panics.
... A17: Month 5 - Desktop Experience | B17: Intel High Definition Audio (HDA) Driver & Sound Subsystem | C17: Implement a pure Rust Intel HDA (Azalia) controller driver. Discovers audio codecs over the HDA link, sets up DMA audio engine stream descriptor rings, supports multi-channel 24-bit 48/96kHz PCM playback and recording, and provides per-stream volume controls. | D17: kernel/src/drivers/audio/hda.rs and codec.rs. Exposes /dev/snd/pcm0p; interfaces with userland sound daemon novasound for zero-latency multi-stream mixing. | E17: Rust | F17: Planned | G17: High-fidelity 24-bit 96kHz audio output; replaces obsolete AC97; works natively on modern Intel/AMD motherboards and virtual machines.

Sheet Desktop UI Track
A1: Month | B1: Task | C1: Description (purpose & function) | D1: How to integrate into NovaOS | E1: Language | F1: Status | G1: Notes & Verification Criteria
A2: Month 4 - Compositor & UI | B2: Hardware-Accelerated Wayland-Style Display Server (nova-compositor) | C2: Build a modern, secure display server in pure Rust based on Wayland architecture principles. Manages client window surfaces, enforces window isolation (preventing rogue apps from spying on keystrokes or screen buffers), performs double-buffered VBLANK-synchronized compositing, and utilizes DMA-BUF zero-copy sharing for tear-free 60 FPS presentation. | D2: userland/desktop/nova-compositor/src/main.rs and surface.rs. Communicates with apps via IPC unix domain sockets; integrates with DRM/KMS for page flips and hardware cursor planes. | E2: Rust | F2: Planned | G2: Complete elimination of screen tearing; strict security isolation between applications; smooth 60 FPS rendering.
A3: Month 4 - Compositor & UI | B3: Modern UI Toolkit & Scene Graph (nova-ui in Pure Rust) | C3: Develop a retain-mode, reactive UI toolkit and scene graph in Rust. Features vector shape rasterization (rounded rectangles, Bezier paths, anti-aliased text rendering), flexbox layout engine, responsive event routing, and hardware-accelerated shaders for blur and drop shadows. | D3: userland/libs/nova-ui/src/lib.rs, layout.rs, and render.rs. Exposes declarative widget macros and reactive state bindings for buttons, sliders, text inputs, lists, tables, tabs, and modals. | E3: Rust | F3: Planned | G3: Standardized high-performance widget toolkit for all native desktop applications; memory-efficient retain-mode graph.
A4: Month 4 - Compositor & UI | B4: Fluent Acrylic & macOS Material Design System | C4: Synthesize the visual elegance of Windows 11 Fluent Design (acrylic/mica materials, glassmorphism, accent colors, smooth elevation shadows) and macOS (rounded corners, delicate borders, vibrant color palettes, crisp dark/light themes). | D4: userland/libs/nova-ui/src/theme/fluent_macos.rs. Defines design tokens (colors, elevation shadows, corner radii 8-12px, acrylic blur convolution shaders); supports live dark/light mode toggle. | E4: Rust | F4: Planned | G4: Delivers an enterprise-grade, stunning aesthetic combining the best of Windows 11 and macOS Sequoia.
A5: Month 4 - Compositor & UI | B5: TrueType / OpenType Vector Font Engine with Subpixel Antialiasing | C5: Implement a pure Rust TrueType/OpenType font parsing and glyph rasterization engine (using pure Rust font crates like ttf-parser and ab_glyph). Supports scalable typography, kerning, hinting, subpixel antialiasing, and Unicode coverage (Latin, Cyrillic, Greek, symbols, and UI glyphs). | D5: userland/libs/nova-ui/src/font/rasterizer.rs. Loads vector fonts (Inter, SF Pro-style, Roboto, Fira Code); caches glyph bitmaps in GPU texture atlas; performs subpixel text positioning. | E5: Rust | F5: Planned | G5: Crystal-clear typography at any DPI scale; eliminates pixelated bitmap fonts; supports monospace ligatures in terminal and code editor.
A6: Month 5 - Desktop Experience | B6: macOS-Style Persistent Unified Top Menu Bar | C6: Build a global top menu bar modeled after macOS. Displays the active application's menu hierarchy (App Name, File, Edit, View, Window, Help) that updates dynamically based on window focus, alongside right-aligned system status indicators (Clock/Calendar flyout, Network status, Audio volume slider, Battery level, and User account pill). | D6: userland/desktop/nova-shell/src/menubar.rs. Subscribes to window focus events from nova-compositor; queries active app menu tree over IPC; renders persistent 28px top bar with acrylic blur. | E6: Rust | F6: Planned | G6: Maximizes usable window workspace; consistent keyboard shortcut access across all apps; one-click system status controls.
A7: Month 5 - Desktop Experience | B7: Windows 11-Style Centered Dynamic Taskbar & Application Dock | C7: Build a modern centered taskbar/dock combining Windows 11 aesthetics and macOS dock behavior. Features pinned and running application icons with active dot indicators, mouse-hover live window thumbnail previews, badge notifications, bounce/zoom launch animations, and customizable alignment (centered or left). | D7: userland/desktop/nova-shell/src/taskbar.rs and dock.rs. Captures miniature surface previews from compositor; displays animated hover flyout with close/minimize actions; includes Start Launcher button. | E7: Rust | F7: Planned | G7: Seamless app launching and switching; instantaneous visual recognition of running tasks with live thumbnail previews.
A8: Month 5 - Desktop Experience | B8: Windows 11 Snap Layouts & Tiling Grid Window Management | C8: Implement intelligent window snapping and tiling grids. Hovering over a window's maximize button or dragging a window to screen edges/corners triggers an interactive snap overlay (split 50/50, 1/3-2/3, quadrants 2x2, or 3-column layouts) with automatic neighboring window resizing. | D8: userland/desktop/nova-compositor/src/snap.rs. Displays interactive snap layout card on maximize button hover; snaps windows into proportional screen tiles with synchronized border resizing. | E8: Rust | F8: Planned | G8: Boosts multi-window productivity for developers and power users; brings the most loved Windows 11 feature to NovaOS.
A9: Month 5 - Desktop Experience | B9: macOS Spotlight-Style Universal Instant Search | C9: Create an instantaneous global search overlay summoned by Super+Space or Ctrl+Space. Features a centered, blurred search input with real-time indexing of applications, documents, system settings panels, shell commands, and instant inline math calculations. | D9: userland/desktop/nova-search/src/main.rs and indexer.rs. Indexes file names and metadata via SQLite/B-tree index; provides live fuzzy match suggestions in <10ms; launches selected item on Enter. | E9: Rust | F9: Planned | G9: Instant keyboard-driven navigation; eliminates hunting through menus and folders; performs math and unit conversions instantly.
A10: Month 5 - Desktop Experience | B10: Windows Action Center & Notification Flyout | C10: Build an interactive notification center that slides in from the right edge. Supports rich push notifications with actionable buttons (reply, dismiss, open), persistent notification history, and a Quick Settings grid (Wi-Fi, Bluetooth, Dark Mode toggle, Night Light blue-light filter, Do Not Disturb, Airplane Mode). | D10: userland/desktop/nova-shell/src/action_center.rs. Listens on notification IPC queue; displays transient banner toasts in bottom-right corner; archives unread notifications in slide-out drawer. | E10: Rust | F10: Planned | G10: Centralized hub for system alerts, calendar events, and hardware toggles; configurable quiet hours.
A11: Month 5 - Desktop Experience | B11: Next-Gen File Explorer (nova-files - Finder + File Explorer Synthesized) | C11: Build a rich graphical file manager combining Windows File Explorer (ribbon toolbar, path breadcrumbs, file tree pane, detailed properties) and macOS Finder (column view, quick look preview with spacebar, colored tags, tabbed browsing, and drag-and-drop file operations). | D11: userland/desktop/apps/nova-files/src/main.rs and view.rs. Supports Icons, List, Columns, and Details views; integrates Spacebar QuickLook for images, text, and audio; connects with NovaFS snapshots for file version history. | E11: Rust | F11: Planned | G11: Intuitive file operations with copy/paste/cut/rename; seamless archive extraction; instant folder search.
A12: Month 5 - Desktop Experience | B12: Pro Developer Terminal (nova-term - Ubuntu/Modern Terminal Parity) | C12: Develop a high-performance GPU-accelerated terminal emulator in Rust. Features 24-bit TrueColor support, ANSI/VT100 escape sequence parsing, multiple tabs, split horizontal/vertical panes, customizable fonts and color schemes (Dracula, Nord, Solarized, Monokai), clipboard integration, and URL click-to-open. | D12: userland/desktop/apps/nova-term/src/main.rs and pty.rs. Connects to kernel pseudo-terminal master; renders characters using GPU glyph texture cache; handles window resizing with SIGWINCH. | E12: Rust | F12: Planned | G12: Terminal experience on par with Alacritty / Windows Terminal; renders rich CLI TUIs (htop, vim, cargo).
... A17: Month 5 - Desktop Experience | B17: Self-Contained Application Bundle Architecture (.app Bundles) | C17: Implement macOS-style application bundles (AppName.app). Directories containing Manifest.json (metadata, permissions, version, icon), bin/ (64-bit ELF binary), assets/ (icons, fonts, images), and lib/ (shared dependencies). Running or uninstalling an app requires simply copying or deleting its bundle. | D17: userland/libs/nova-bundle/src/lib.rs and userland/desktop/nova-shell/src/launcher.rs. Parsed by file manager and app launcher; sandboxed according to Manifest.json declared permissions; supports drag-and-drop installation. | E17: Rust | F17: Planned | G17: Completely solves dependency hell; drag-and-drop app installation and deletion; clean sandboxing metadata.

Sheet Server Track
A1: Month | B1: Task | C1: Description (purpose & function) | D1: How to integrate into NovaOS | E1: Language | F1: Status | G1: Notes & Verification Criteria
A2: Month 3 - Server & Containers | B2: Headless Server Kernel Profile & NUMA-Aware Memory Tuning | C2: Build a specialized headless Server edition kernel configuration in Rust. Strips all GUI, display, and audio modules; enables NUMA-aware physical memory allocation, 2MB/1GB Huge Pages support, aggressive TCP buffer auto-tuning, and tickless idle scheduling for maximum cloud and bare-metal server throughput. | D2: kernel/src/config/server.rs and Makefile target kernel-server. Configures dedicated server kernel binary; optimizes page allocator for NUMA nodes; tunes network socket backlog to 4096. | E2: Rust | F2: Planned | G2: Boots in under 0.8 seconds; dedicates 99.5% of RAM to application workloads; passes enterprise high-throughput benchmarks.
A3: Month 3 - Server & Containers | B3: Kernel Namespaces (PID, Mount, Net, IPC, UTS, User) | C3: Implement comprehensive Linux-grade isolation namespaces in the Rust kernel: PID namespace (independent process ID numbering), Mount namespace (isolated file system tree and chroot jail), Network namespace (independent IP, loopback, routing table, firewall rules), IPC namespace (isolated shared memory and message queues), and UTS namespace (isolated hostname). | D3: kernel/src/security/namespace/mod.rs, syscall/unshare.rs, and syscall/setns.rs. Integrates clone(CLONE_NEWPID | CLONE_NEWNS | CLONE_NEWNET | CLONE_NEWIPC | CLONE_NEWUTS) flags into process manager. | E3: Rust | F3: Planned | G3: Fundamental building block for running lightweight, isolated containerized workloads securely.
A4: Month 3 - Server & Containers | B4: Control Groups v2 (cgroups v2) Resource Limiting Subsystem | C4: Implement a unified hierarchy Control Groups v2 subsystem in Rust. Provides granular per-group resource governance: memory limits with high/max watermarks and OOM killing; CPU bandwidth quotas (CFS bandwidth controller cpu.max); I/O throttling (io.max read/write bytes per second); and process count limits (pids.max). | D4: kernel/src/security/cgroups/v2.rs and kernel/src/fs/cgroupfs.rs. Mounts virtual filesystem at /sys/fs/cgroup; enforces memory.max and cpu.max on every scheduler quantum and page allocation. | E4: Rust | F4: Planned | G4: Prevents 'noisy neighbor' resource starvation; enforces enterprise multi-tenant container SLAs.
A5: Month 3 - Server & Containers | B5: Pure Rust Container Runtime Engine (novactl / novadock) | C5: Develop a lightweight, lightning-fast container runtime in pure Rust (novactl). Unpacks and runs container rootfs images (OCI compliant), configures namespaces and cgroup limits, sets up isolated loopback and veth virtual network interfaces, and launches containerized applications with zero hypervisor overhead. | D5: userland/server/novactl/src/main.rs and container.rs. Commands: novactl run --name <name> --memory 512M <rootfs>, novactl ps, novactl stop, novactl logs. | E5: Rust | F5: Planned | G5: Launches secure containers in under 50ms; compatible with standard OCI container rootfs bundles.
A6: Month 3 - Server & Containers | B6: Enterprise TCP Stack with Cubic & BBR Congestion Control | C6: Upgrade the Rust TCP network stack to enterprise cloud standards. Implements RFC 8312 Cubic and BBR (Bottleneck Bandwidth and RTT) congestion control algorithms, Selective Acknowledgments (SACK - RFC 2018), TCP Window Scaling (RFC 7323), TCP SYN Cookies for SYN flood DDoS mitigation, and TCP Keepalive timers. | D6: kernel/src/net/tcp/cubic.rs, bbr.rs, and sack.rs. Integrated into kernel/rust/tcp.rs socket engine; dynamically tracks RTT and bottleneck bandwidth. | E6: Rust | F6: Planned | G6: Maximum throughput across high-bandwidth, high-latency WAN links; immune to SYN-flood denial of service attacks.
A7: Month 3 - Server & Containers | B7: Native In-Kernel WireGuard VPN Tunneling Engine | C7: Implement a high-speed, modern cryptographic VPN protocol directly in the Rust kernel based on the WireGuard specification (RFC-draft). Features Noise Protocol framework (Curve25519, ChaCha20-Poly1305, BLAKE2s), cryptokey routing, and automatic roaming across network interfaces. | D7: kernel/src/net/wireguard/mod.rs and noise.rs. Registers wg0 virtual network device; encapsulates encrypted UDP packets; configured via novactl wg set. | E7: Rust | F7: Planned | G7: Provides enterprise encrypted site-to-site and point-to-point mesh networking with 10x lower overhead than OpenVPN/IPsec.
A8: Month 3 - Server & Containers | B8: Stateful Packet-Filter Firewall with Connection Tracking (Conntrack) | C8: Build an advanced stateful firewall in Rust inspired by Linux nftables. Inspects packet headers, maintains an active connection state table (NEW, ESTABLISHED, RELATED, INVALID), performs Network Address Translation (SNAT / DNAT / Masquerade), and enforces rate-limiting against port scans. | D8: kernel/src/net/firewall/conntrack.rs and rules.rs. Intercepts incoming/outgoing IP packets; provides CLI tool novafw for declarative rule definition (/etc/novafw.conf). | E8: Rust | F8: Planned | G8: Enterprise boundary security; seamless NAT for container subnets; defense against syn-flood and port-scan reconnaissance.
A9: Month 3 - Server & Containers | B9: Pure Rust OpenSSH-Compatible SSH-2 Server Daemon (novasshd) | C9: Implement an enterprise-grade SSH-2 server daemon in pure Rust. Supports modern cryptographic key exchanges (curve25519-sha256), public-key authentication with ~/.ssh/authorized_keys (Ed25519 and RSA), authenticated encryption (chacha20-poly1305@openssh.com, aes256-gcm@openssh.com), interactive PTY shell sessions, and secure SCP/SFTP file transfers. | D9: userland/server/novasshd/src/main.rs, crypto.rs, and pty.rs. Runs as a background service listening on port 22; allocates pseudo-terminal master/slave pairs; integrates with system user authentication. | E9: Rust | F9: Planned | G9: Allows secure remote management from any Linux, macOS, or Windows terminal using standard ssh client; zero external dependencies.
A10: Month 3 - Server & Containers | B10: Systemd-Style Service & Daemon Orchestrator (novad) | C10: Develop a modern service supervision and init system in Rust (novad) to replace the basic supervisor. Features declarative .service and .socket configuration units, dependency graph resolution with parallel startup (Requires=, After=), on-demand socket activation, health check watchdogs, automatic crash restart backoff, and graceful shutdown sequencing. | D10: userland/server/novad/src/main.rs, unit.rs, and graph.rs. Reads /etc/novad/system/*.service; manages PID 1 lifecycle; provides CLI tool novactl service start/stop/restart/status. | E10: Rust | F10: Planned | G10: Deterministic boot sequence; socket activation spins up services only when requested; automatic crash recovery with exponential backoff.
A11: Month 3 - Server & Containers | B11: Prometheus Telemetry Exporter & Health Metrics Agent (novamon) | C11: Build a native system observability agent in pure Rust. Gathers real-time kernel telemetry (CPU core utilization, per-process memory RSS, disk read/write throughput, network packet rates, socket counts, thermal sensors) and exposes an HTTP /metrics endpoint formatted for Prometheus scraping and Grafana dashboards. | D11: userland/server/novamon/src/main.rs and collector.rs. Periodically samples /proc/stat, /proc/meminfo, /proc/net/dev; serves metrics on port 9100 with zero heap allocation per request. | E11: Rust | F11: Planned | G11: Instant integration with existing enterprise monitoring, alerting, and Grafana infrastructure.
A12: Month 5 - Enterprise Storage | B12: Enterprise Multi-Disk Storage & Software RAID Subsystem | C12: Implement software RAID (RAID 0, RAID 1 mirroring, RAID 10) and dynamic volume pooling in Rust (NovaVolume). Supports hot-plug disk detection, automatic background rebuilds on disk failure, and volume resizing across multiple physical NVMe/SATA drives. | D12: kernel/src/drivers/storage/raid.rs and userland/server/novactl/src/storage.rs. Combines multiple BlockDevice instances into a resilient virtual block device; manages superblock metadata and rebuild logs. | E12: Rust | F12: Planned | G12: Guarantees zero data loss and uninterrupted service when a physical storage drive fails.
A13: Month 5 - Enterprise Storage | B13: Automated Unattended Security Updates with Atomic A/B Rollback | C13: Build a server-grade automated update engine in Rust. Fetches cryptographically signed OS delta packages over HTTPS, stages updates in an alternate boot slot (A/B partitioning), tests boot integrity via hardware watchdog, and automatically rolls back to the previous known-good state if boot fails. | D13: userland/server/novaupdate/src/main.rs and ab_boot.rs. Manages dual boot partitions (Slot A / Slot B); commits update only after post-boot self-tests pass; triggers watchdog reset and slot fallback on panic. | E13: Rust | F13: Planned | G13: Eliminates bricked servers; guarantees 99.999% availability during kernel and system updates.

Sheet Release Track
A1: Month | B1: Task | C1: Description (purpose & function) | D1: How to integrate into NovaOS | E1: Language | F1: Status | G1: Notes & Verification Criteria
A2: Month 6 - Release Hardening | B2: Automated CI/CD Qualification & Test Matrix Runner | C2: Expand the automated test suite into an enterprise continuous integration pipeline. Runs headless QEMU instances in parallel across Desktop and Server edition builds, executing 600+ validation assertions covering kernel paging, SMP scheduling, NVMe read/write, container isolation, SSH handshakes, and UI compositing. | D2: tools/ci/test_matrix.py and Makefile target test-matrix. Executes headless boot matrix; verifies kernel assertions over serial console; captures frame buffers for pixel-diff regression tests. | E2: Python & Shell | F2: Planned | G2: 100% automated regression defense across all 54 milestones; zero broken builds; comprehensive assertion logging.
A3: Month 6 - Release Hardening | B3: Dual-Edition Release Packaging (Desktop ISO & Server ISO) | C3: Create production-grade automated release packaging pipelines for both target editions: 1) novaos-desktop-2.0.iso (Hybrid UEFI/BIOS bootable installer containing the full Wayland compositor, Fluent/macOS shell, and complete desktop app suite); 2) novaos-server-2.0.iso (Optimized headless server image with SSH, container engine, and cloud-init bootstrap). | D3: tools/release/build_release_images.sh and Makefile target release-2.0. Generates partitioned hybrid ISO/IMG images with GPT; signs binaries with SHA-256 and release GPG keys. | E3: Rust & Shell | F3: Planned | G3: Production-ready distribution media; bootable on physical flash drives, CDs, and cloud hypervisors.
A4: Month 6 - Release Hardening | B4: Enterprise Security Audit & Common Criteria / FIPS-140 Hardening | C4: Perform a comprehensive cross-track security audit across all kernel syscalls, capability boundaries, and userland daemons. Enforces mandatory memory zeroization of cryptographic secrets, stack canary protection, KASLR (Kernel Address Space Layout Randomization), and strict non-root privilege drop verification. | D4: kernel/src/security/audit.rs and docs/SECURITY_AUDIT_V2.0.md. Implements kernel hardening checks; verifies crypto modules use constant-time operations; checks non-root privilege drop on all user daemons. | E4: Rust & Docs | F4: Planned | G4: Hardened against privilege escalation and side-channel leakage; Common Criteria EAL4 evaluation readiness.
A5: Month 6 - Release Hardening | B5: Developer SDK & Userland Application Framework (novaos-sdk) | C5: Release the official NovaOS Developer SDK in pure Rust. Includes project templates (cargo new --template nova-app), bindings for nova-ui, IPC event handling, file access APIs, build scripts for packaging .app bundles, and an emulator runner for rapid app development on host machines. | D5: sdk/novaos-sdk/ and sdk/templates/. Distributes cargo-nova CLI tool; provides documentation and sample apps for community developers. | E5: Rust | F5: Planned | G5: Empowers developers to build high-performance, native GUI and CLI apps for NovaOS with modern Rust tooling.
A6: Month 6 - Release Hardening | B6: High-Resolution Display Scaling (HiDPI / Retina Support) | C6: Implement dynamic display scaling (100%, 125%, 150%, 200%) across the entire desktop rendering pipeline. Automatically detects display physical DPI via EDID, scales font metrics, vector icons, and UI padding proportionally, ensuring pixel-perfect sharpness on 1080p, 2K, and 4K monitors. | D6: userland/desktop/nova-compositor/src/scale.rs and userland/libs/nova-ui/src/dpi.rs. Computes scale factor based on physical monitor width and native resolution; renders vector assets at native device pixels. | E6: Rust | F6: Planned | G6: Flawless visual clarity on 4K monitors, laptops, and ultra-wide displays; identical crispness to macOS Retina.
A7: Month 6 - Release Hardening | B7: Cloud-Init & Headless Server Automated Provisioning | C7: Implement cloud-init support for NovaOS Server. Automatically reads cloud metadata and user-data configurations on first boot (network interfaces, static IPs, SSH authorized keys, hostname, pre-installed services), allowing instant deployment on OpenStack, Proxmox, and cloud virtualized environments. | D7: userland/server/novainit/src/cloud_init.rs. Reads /var/lib/cloud/seed or config-drive; provisions root credentials and SSH keys without manual interaction. | E7: Rust | F7: Planned | G7: Seamless integration into cloud orchestration pipelines (Terraform, Ansible, Kubernetes bare-metal nodes).
A8: Month 6 - Release Hardening | B8: Production Graphical Installer (nova-installer) | C8: Develop a polished, user-friendly graphical installer for NovaOS Desktop. Features drive partitioning wizard (automatic guided partitioning or custom manual partitioning with GPT), user account creation with password hashing, timezone selection, desktop preview, and progress bar with animated slide showcase. | D8: userland/desktop/apps/nova-installer/src/main.rs and partition_wizard.rs. Formats target drive with GPT and NovaFS; unpacks system rootfs; installs UEFI bootloader; guides user through initial setup. | E8: Rust | F8: Planned | G8: Intuitive, beginner-friendly setup experience on par with Ubuntu Ubiquity and Windows 11 Out-of-Box Experience (OOBE).
A9: Month 6 - Release Hardening | B9: System Recovery Environment & Snapshot Rollback Mode | C9: Implement a standalone emergency boot environment (NovaOS Recovery). Bootable from UEFI boot menu or on boot failure, allowing operators to restore previous filesystem snapshots, reset root passwords, inspect system logs, and repair damaged boot sectors. | D9: kernel/src/boot/recovery.rs and userland/desktop/apps/nova-recovery/src/main.rs. Provides minimal GUI and CLI rescue console; lists available NovaFS snapshots with one-click restore. | E9: Rust | F9: Planned | G9: Enterprise business continuity; instant recovery from corrupted configurations or unbootable updates.
A10: Month 6 - Release Hardening | B10: Complete Enterprise Documentation & Architecture Manuals | C10: Author comprehensive technical documentation: 1) NovaOS Architecture Specification; 2) Kernel Internals & Syscall ABI Manual; 3) Desktop User & Customization Guide; 4) Server Administration & Container Deployment Handbook; 5) Developer SDK Reference Guide. | D10: docs/v2.0/ and deployment to official documentation portal. Full markdown manuals with diagrams, API signatures, CLI command cheat sheets, and tutorials. | E10: Markdown | F10: Planned | G10: Professional enterprise documentation set for system administrators, kernel developers, and application creators.
A11: Month 6 - Release Hardening | B11: Final Production Qualification, Sign-Off & v2.0 Release Launch | C11: Execute final qualification sign-off protocol. Verify 100% test pass rate across Desktop and Server editions, sign all binary release images with official release GPG keys, publish release artifacts, changelog, and announce NovaOS 2.0 General Availability (GA). | D11: tools/release/final_signoff_v2.0.sh and release/v2.0.0/. Performs final checksum verification; validates SHA256SUMS and GPG detached signatures; publishes release notes. | E11: Shell, Rust & Docs | F11: Planned | G11: Culmination of 6-month roadmap; full enterprise-grade release ready for general production deployment.
